{
  "openapi": "3.0.0",
  "info": {
    "title": "Api Extendeal",
    "version": "1.0.0",
    "description": "Documentation and testing client for Extendeal API. Endpoints authentication is required through an api key.",
    "contact": {
      "responsibleOrganization": "Extendeal",
      "responsibleDeveloper": "Florencia Talavera",
      "email": "florencia.talavera@extendeal.com"
    }
  },
  "schemes": [
    "https"
  ],
  "servers": [
    {
      "url": "https://stg-api-datos.extendeal.com",
      "description": "AWS API Gateway"
    }
  ]
}